Date de début;Date de fin;Organisme;code zas;Zas;code site;nom site;type d'implantation;Polluant;type d'influence;Réglementaire;type d'évaluation;type de valeur;valeur;valeur brute;unité de mesure;taux de saisie;couverture temporelle;couverture de données;code qualité;validité;Latitude;Longitude
2025-12-31 12:00:00;2025-12-31 13:00:00;ATMO GRAND EST;FR44ZAG02;ZAG METZ;FR01011;Metz-Centre;Urbaine;PM2.5;Fond;Oui;mesures fixes;moyenne horaire validée;16;16;µg-m3;;;;A;1;49.119442;6.180833
2025-12-31 12:00:00;2025-12-31 13:00:00;ATMO GRAND EST;FR44ZAG02;ZAG METZ;FR01020;Thionville-Centre;Urbaine;PM2.5;Fond;Oui;mesures fixes;moyenne horaire validée;16;16;µg-m3;;;;A;1;49.358337;6.156942
2025-12-31 12:00:00;2025-12-31 13:00:00;ATMO GRAND EST;FR44ZRE01;ZR GRAND-EST;FR01065;Belleville sur Meuse;Urbaine;PM2.5;Trafic;Oui;mesures fixes;moyenne horaire validée;15;14.95;µg-m3;;;;A;1;49.16778;5.387461
2025-12-31 12:00:00;2025-12-31 13:00:00;ATMO SUD;FR93ZAG01;ZAG MARSEILLE-AIX;FR02008;Port de Bouc Leque;Urbaine;PM2.5;Industrielle;Oui;mesures fixes;moyenne horaire validée;10.5;10.525;µg-m3;;;;A;1;43.401952;4.981919
2025-12-31 12:00:00;2025-12-31 13:00:00;ATMO SUD;FR93ZAG01;ZAG MARSEILLE-AIX;FR02013;Fos Les Carabins;Périurbaine;PM2.5;Industrielle;Oui;mesures fixes;moyenne horaire validée;15.2;15.175;µg-m3;;;;A;1;43.458927;4.934572
2025-12-31 12:00:00;2025-12-31 13:00:00;ATMO SUD;FR93ZAG01;ZAG MARSEILLE-AIX;FR02020;Rognac les Brets;Périurbaine;PM2.5;Industrielle;Oui;mesures fixes;moyenne horaire validée;15.6;15.625;µg-m3;;;;A;1;43.510802;5.220046
2025-12-31 12:00:00;2025-12-31 13:00:00;ATMO SUD;FR93ZRE02;ZR PROVENCE-ALPES-COTE-D-AZUR;FR02022;Arles;Urbaine;PM2.5;Fond;Oui;mesures fixes;moyenne horaire validée;12.4;12.35;µg-m3;;;;A;1;43.675114;4.62921
2025-12-31 12:00:00;2025-12-31 13:00:00;ATMO SUD;FR93ZAG01;ZAG MARSEILLE-AIX;FR02041;SALON;Urbaine;PM2.5;Fond;Oui;mesures fixes;moyenne horaire validée;13.4;13.35;µg-m3;;;;A;1;43.639002;5.101097
2025-12-31 12:00:00;2025-12-31 13:00:00;ATMO SUD;FR93ZAG01;ZAG MARSEILLE-AIX;FR02043;Marignane;Urbaine;PM2.5;Fond;Oui;mesures fixes;moyenne horaire validée;16.7;16.675;µg-m3;;;;A;1;43.4165306;5.222281
2025-12-31 12:00:00;2025-12-31 13:00:00;ATMO SUD;FR93ZAG01;ZAG MARSEILLE-AIX;FR03006;MARSEILLE RABATAU;Urbaine;PM2.5;Trafic;Oui;mesures fixes;moyenne horaire validée;20.8;20.825;µg-m3;;;;A;1;43.276451;5.39736
2025-12-31 12:00:00;2025-12-31 13:00:00;ATMO SUD;FR93ZAG01;ZAG MARSEILLE-AIX;FR03014;MARSEILLE ST LOUIS;Urbaine;PM2.5;Fond;Oui;mesures fixes;moyenne horaire validée;22.2;22.175;µg-m3;;;;A;1;43.348048;5.360119
2025-12-31 12:00:00;2025-12-31 13:00:00;ATMO SUD;FR93ZAG01;ZAG MARSEILLE-AIX;FR03021;AIX ROY RENE;Urbaine;PM2.5;Trafic;Oui;mesures fixes;moyenne horaire validée;10.1;10.075;µg-m3;;;;A;1;43.524075;5.448164
2025-12-31 12:00:00;2025-12-31 13:00:00;ATMO SUD;FR93ZRE02;ZR PROVENCE-ALPES-COTE-D-AZUR;FR03027;PLAN AUPS/STE  BAUME;Rurale près des villes;PM2.5;Fond;Oui;mesures fixes;moyenne horaire validée;7.1;7.05;µg-m3;;;;A;1;43.335201;5.727365
2025-12-31 12:00:00;2025-12-31 13:00:00;ATMO SUD;FR93ZAG01;ZAG MARSEILLE-AIX;FR03029;AIX CENTRE ECOLE ART;Urbaine;PM2.5;Fond;Oui;mesures fixes;moyenne horaire validée;15;15;µg-m3;;;;A;1;43.530285;5.440912
2025-12-31 12:00:00;2025-12-31 13:00:00;ATMO SUD;FR93ZAG01;ZAG MARSEILLE-AIX;FR03030;GARDANNE;Périurbaine;PM2.5;Industrielle;Oui;mesures fixes;moyenne horaire validée;9.7;9.7;µg-m3;;;;A;1;43.453584;5.466672
2025-12-31 12:00:00;2025-12-31 13:00:00;ATMO SUD;FR93ZAG01;ZAG MARSEILLE-AIX;FR03043;MARSEILLE 5 AVENUES;Urbaine;PM2.5;Fond;Oui;mesures fixes;moyenne horaire validée;21.9;21.85;µg-m3;;;;A;1;43.305287;5.394716
2025-12-31 12:00:00;2025-12-31 13:00:00;ATMO SUD;FR93ZAG03;ZAG TOULON;FR03064;LA VALETTE/LA GARDE;Périurbaine;PM2.5;Fond;Oui;mesures fixes;moyenne horaire validée;9.9;9.9;µg-m3;;;;A;1;43.135902;6.011513
2025-12-31 12:00:00;2025-12-31 13:00:00;ATMO SUD;FR93ZAG03;ZAG TOULON;FR03068;TOULON FOCH;Urbaine;PM2.5;Trafic;Oui;mesures fixes;moyenne horaire validée;6.4;6.35;µg-m3;;;;A;1;43.126821;5.921605
2025-12-31 12:00:00;2025-12-31 13:00:00;ATMO SUD;FR93ZRE02;ZR PROVENCE-ALPES-COTE-D-AZUR;FR03070;ESTEREL;Périurbaine;PM2.5;Fond;Oui;mesures fixes;moyenne horaire validée;6.7;6.7;µg-m3;;;;A;1;43.437874;6.76839
2025-12-31 12:00:00;2025-12-31 13:00:00;ATMO SUD;FR93ZAG03;ZAG TOULON;FR03071;TOULON CLARET;Urbaine;PM2.5;Fond;Oui;mesures fixes;moyenne horaire validée;8.6;8.6;µg-m3;;;;A;1;43.131113;5.924184
2025-12-31 12:00:00;2025-12-31 13:00:00;ATMO SUD;FR93ZAG04;ZAG AVIGNON;FR03080;AVIGNON   MAIRIE;Urbaine;PM2.5;Fond;Oui;mesures fixes;moyenne horaire validée;11.5;11.45;µg-m3;;;;A;1;43.949673;4.804341
2025-12-31 12:00:00;2025-12-31 13:00:00;ATMO SUD;FR93ZAG04;ZAG AVIGNON;FR03091;Avignon Rocade De Gaulle;Urbaine;PM2.5;Trafic;Oui;mesures fixes;moyenne horaire validée;15;14.975;µg-m3;;;;A;1;43.9314;4.826875
2025-12-31 12:00:00;2025-12-31 13:00:00;AIRPARIF;FR11ZAG01;ZAG PARIS;FR04002;GENNEVILLIERS;Urbaine;PM2.5;Fond;Oui;mesures fixes;moyenne horaire validée;27.4;27.425;µg-m3;;;;A;1;48.930319;2.29435
2025-12-31 12:00:00;2025-12-31 13:00:00;AIRPARIF;FR11ZAG01;ZAG PARIS;FR04004;PARIS 18eme;Urbaine;PM2.5;Fond;Oui;mesures fixes;moyenne horaire validée;21.2;21.2;µg-m3;;;;A;1;48.891666;2.346667
2025-12-31 12:00:00;2025-12-31 13:00:00;AIRPARIF;FR11ZAG01;ZAG PARIS;FR04024;GONESSE;Périurbaine;PM2.5;Fond;Oui;mesures fixes;moyenne horaire validée;8.3;8.3;µg-m3;;;;A;1;48.99083;2.444722
2025-12-31 12:00:00;2025-12-31 13:00:00;AIRPARIF;FR11ZAG01;ZAG PARIS;FR04031;Av Champs Elysees;Urbaine;PM2.5;Trafic;Oui;mesures fixes;moyenne horaire validée;17.6;17.6;µg-m3;;;;A;1;48.868772;2.311231
2025-12-31 12:00:00;2025-12-31 13:00:00;AIRPARIF;FR11ZAG01;ZAG PARIS;FR04034;VITRY-SUR-SEINE;Urbaine;PM2.5;Fond;Oui;mesures fixes;moyenne horaire validée;21.7;21.675;µg-m3;;;;A;1;48.775897;2.375788
2025-12-31 12:00:00;2025-12-31 13:00:00;AIRPARIF;FR11ZRE01;ZR ILE-DE-FRANCE;FR04048;Zone Rurale Nord;Rurale régionale;PM2.5;Fond;Oui;mesures fixes;moyenne horaire validée;4.3;4.3;µg-m3;;;;A;1;49.100277;2.343889
2025-12-31 12:00:00;2025-12-31 13:00:00;AIRPARIF;FR11ZAG01;ZAG PARIS;FR04055;PARIS 1er Les Halles;Urbaine;PM2.5;Fond;Oui;mesures fixes;moyenne horaire validée;20.6;20.625;µg-m3;;;;A;1;48.86212;2.344616
2025-12-31 12:00:00;2025-12-31 13:00:00;AIRPARIF;FR11ZAG01;ZAG PARIS;FR04058;Auto A1 -Saint-Denis;Urbaine;PM2.5;Trafic;Oui;mesures fixes;moyenne horaire validée;35.8;35.8;µg-m3;;;;A;1;48.925278;2.356667
2025-12-31 12:00:00;2025-12-31 13:00:00;AIRPARIF;FR11ZRE01;ZR ILE-DE-FRANCE;FR04066;Zone rurale Sud;Rurale régionale;PM2.5;Fond;Oui;mesures fixes;moyenne horaire validée;18.2;18.175;µg-m3;;;;A;1;48.364166;2.236944
2025-12-31 12:00:00;2025-12-31 13:00:00;AIRPARIF;FR11ZAG01;ZAG PARIS;FR04122;RN6-MELUN;Périurbaine;PM2.5;Trafic;Oui;mesures fixes;moyenne horaire validée;25.2;25.175;µg-m3;;;;A;1;48.528057;2.653611
2025-12-31 12:00:00;2025-12-31 13:00:00;AIRPARIF;FR11ZAG01;ZAG PARIS;FR04131;Boulevard Haussmann;Urbaine;PM2.5;Trafic;Oui;mesures fixes;moyenne horaire validée;16.9;16.925;µg-m3;;;;A;1;48.873333;2.330278
2025-12-31 12:00:00;2025-12-31 13:00:00;AIRPARIF;FR11ZAG01;ZAG PARIS;FR04150;LA DEFENSE;Urbaine;PM2.5;Fond;Oui;mesures fixes;moyenne horaire validée;23.5;23.5;µg-m3;;;;A;1;48.891388;2.240556
2025-12-31 12:00:00;2025-12-31 13:00:00;AIRPARIF;FR11ZAG01;ZAG PARIS;FR04156;BOBIGNY;Urbaine;PM2.5;Fond;Oui;mesures fixes;moyenne horaire validée;27.3;27.325;µg-m3;;;;A;1;48.902504;2.4525
2025-12-31 12:00:00;2025-12-31 13:00:00;AIRPARIF;FR11ZRE01;ZR ILE-DE-FRANCE;FR04173;RD934 Coulommiers;Périurbaine;PM2.5;Trafic;Oui;mesures fixes;moyenne horaire validée;24;23.975;µg-m3;;;;A;1;48.8059;3.084158
2025-12-31 12:00:00;2025-12-31 13:00:00;AIRPARIF;FR11ZAG01;ZAG PARIS;FR04180;RN20 - MONTLHERY;Périurbaine;PM2.5;Trafic;Oui;mesures fixes;moyenne horaire validée;23.5;23.5;µg-m3;;;;A;1;48.64093;2.26872
2025-12-31 12:00:00;2025-12-31 13:00:00;AIRPARIF;FR11ZRE01;ZR ILE-DE-FRANCE;FR04181;RAMBOUILLET;Périurbaine;PM2.5;Fond;Oui;mesures fixes;moyenne horaire validée;10.9;10.85;µg-m3;;;;A;1;48.63373;1.830529
2025-12-31 12:00:00;2025-12-31 13:00:00;AIRPARIF;FR11ZRE01;ZR ILE-DE-FRANCE;FR04328;Zone Rurale SE;Rurale régionale;PM2.5;Fond;Oui;mesures fixes;moyenne horaire validée;11.4;11.375;µg-m3;;;;A;1;48.3547;2.6453
2025-12-31 12:00:00;2025-12-31 13:00:00;AIRPARIF;FR11ZAG01;ZAG PARIS;FR04329;Bld peripherique Est;Urbaine;PM2.5;Trafic;Oui;mesures fixes;moyenne horaire validée;13.1;13.1;µg-m3;;;;A;1;48.838615;2.412781
2025-12-31 12:00:00;2025-12-31 13:00:00;ATMO NORMANDIE;FR28ZAR01;ZAR LE-HAVRE;FR05074;Le Havre Ec. Herriot;Urbaine;PM2.5;Fond;Oui;mesures fixes;moyenne horaire validée;8.8;8.825;µg-m3;;;;A;1;49.48963;0.100703
2025-12-31 12:00:00;2025-12-31 13:00:00;ATMO NORMANDIE;FR28ZAR01;ZAR LE-HAVRE;FR05083;Gonfreville l Orcher;Urbaine;PM2.5;Industrielle;Oui;mesures fixes;moyenne horaire validée;19.2;19.225;µg-m3;;;;A;1;49.50273;0.232486
2025-12-31 12:00:00;2025-12-31 13:00:00;ATMO NORMANDIE;FR28ZRE02;ZR NORMANDIE;FR05087;Maison Parc Brotonne;Rurale régionale;PM2.5;Fond;Oui;mesures fixes;moyenne horaire validée;16;16;µg-m3;;;;A;1;49.498417;0.758697
2025-12-31 12:00:00;2025-12-31 13:00:00;ATMO NORMANDIE;FR28ZAR01;ZAR LE-HAVRE;FR05089;Le Havre Lafaurie-montant;Urbaine;PM2.5;Trafic;Oui;mesures fixes;moyenne horaire validée;13.5;13.525;µg-m3;;;;A;1;49.500187;0.110903
2025-12-31 12:00:00;2025-12-31 13:00:00;ATMO NORMANDIE;FR28ZAR01;ZAR LE-HAVRE;FR05090;Le Havre ville-haute;Urbaine;PM2.5;Fond;Oui;mesures fixes;moyenne horaire validée;14.2;14.15;µg-m3;;;;A;1;49.514686;0.100645
2025-12-31 12:00:00;2025-12-31 13:00:00;ATMO HAUTS DE FRANCE;FR32ZAG01;ZAG BLDV;FR06003;Douai Theuriet;Urbaine;PM2.5;Fond;Oui;mesures fixes;moyenne horaire validée;10.6;10.575;µg-m3;;;;A;1;50.37822;3.06586
2025-12-31 12:00:00;2025-12-31 13:00:00;ATMO HAUTS DE FRANCE;FR32ZAG01;ZAG BLDV;FR06006;Valenciennes Wallon;Urbaine;PM2.5;Trafic;Oui;mesures fixes;moyenne horaire validée;18.2;18.15;µg-m3;;;;A;1;50.36425;3.52273
2025-12-31 12:00:00;2025-12-31 13:00:00;ATMO HAUTS DE FRANCE;FR32ZAG01;ZAG BLDV;FR06011;Denain Villars;Périurbaine;PM2.5;Fond;Oui;mesures fixes;moyenne horaire validée;11.3;11.325;µg-m3;;;;A;1;50.32276;3.39593
2025-12-31 12:00:00;2025-12-31 13:00:00;ATMO HAUTS DE FRANCE;FR32ZRE01;ZR HAUTS-DE-FRANCE;FR06133;Cartignies;Rurale près des villes;PM2.5;Fond;Oui;mesures fixes;moyenne horaire validée;19.1;19.125;µg-m3;;;;A;1;50.09225;3.85003
2025-12-31 12:00:00;2025-12-31 13:00:00;ATMO AUVERGNE-RHÔNE-ALPES;FR84ZAG04;ZAG CLERMONT-FERRAND;FR07004;Montferrand;Urbaine;PM2.5;Fond;Oui;mesures fixes;moyenne horaire validée;6.6;6.55;µg-m3;;;;A;1;45.79728;3.113833
2025-12-31 12:00:00;2025-12-31 13:00:00;ATMO AUVERGNE-RHÔNE-ALPES;FR84ZRE02;ZR AUVERGNE-RHONE-ALPES;FR07022;Paray le Fresil;Rurale régionale;PM2.5;Fond;Oui;mesures indicatives;moyenne horaire validée;3.9;3.925;µg-m3;;;;A;1;46.652668;3.600667
2025-12-31 12:00:00;2025-12-31 13:00:00;ATMO AUVERGNE-RHÔNE-ALPES;FR84ZRE02;ZR AUVERGNE-RHONE-ALPES;FR07031;Rageade;Rurale régionale;PM2.5;Fond;Oui;mesures indicatives;moyenne horaire validée;6.2;6.2;µg-m3;;;;A;1;45.10472;3.277361
2025-12-31 12:00:00;2025-12-31 13:00:00;ATMO AUVERGNE-RHÔNE-ALPES;FR84ZAG04;ZAG CLERMONT-FERRAND;FR07051;Beaulieu;Périurbaine;PM2.5;Industrielle;Oui;mesures indicatives;moyenne horaire validée;7.2;7.175;µg-m3;;;;A;1;45.769;3.155
2025-12-31 12:00:00;2025-12-31 13:00:00;ATMO AUVERGNE-RHÔNE-ALPES;FR84ZRE02;ZR AUVERGNE-RHONE-ALPES;FR07052;Aurillac-Lagarde;Urbaine;PM2.5;Fond;Oui;mesures indicatives;moyenne horaire validée;5;4.95;µg-m3;;;;A;1;44.92008;2.441082
2025-12-31 12:00:00;2025-12-31 13:00:00;ATMO AUVERGNE-RHÔNE-ALPES;FR84ZRE02;ZR AUVERGNE-RHONE-ALPES;FR07057;Moulins Centre;Urbaine;PM2.5;Fond;Oui;mesures fixes;moyenne horaire validée;7.1;7.1;µg-m3;;;;A;1;46.5619722;3.34063888888888
2025-12-31 12:00:00;2025-12-31 13:00:00;ATMO AUVERGNE-RHÔNE-ALPES;FR84ZRE02;ZR AUVERGNE-RHONE-ALPES;FR07058;Montluçon;Urbaine;PM2.5;Fond;Oui;mesures fixes;moyenne horaire validée;9;8.975;µg-m3;;;;A;1;46.340723;2.593945
2025-12-31 12:00:00;2025-12-31 13:00:00;ATMO AUVERGNE-RHÔNE-ALPES;FR84ZRE02;ZR AUVERGNE-RHONE-ALPES;FR07059;Vichy;Urbaine;PM2.5;Fond;Oui;mesures indicatives;moyenne horaire validée;7.5;7.525;µg-m3;;;;A;1;46.130431;3.425694
2025-12-31 12:00:00;2025-12-31 13:00:00;ATMO OCCITANIE;FR76ZAG02;ZAG MONTPELLIER;FR08016;Montpellier Prés d'Arènes;Urbaine;PM2.5;Fond;Oui;mesures fixes;moyenne horaire validée;5.8;5.75;µg-m3;;;;A;1;43.5915;3.88681
2025-12-31 12:00:00;2025-12-31 13:00:00;ATMO OCCITANIE;FR76ZRE01;ZR OCCITANIE;FR08020;Lunel Viel;Périurbaine;PM2.5;Industrielle;Oui;mesures indicatives;moyenne horaire validée;5.8;5.775;µg-m3;;;;A;1;43.6758;4.08838
2025-12-31 12:00:00;2025-12-31 13:00:00;ATMO OCCITANIE;FR76ZAR02;ZAR NIMES;FR08614;Nimes Gauzy;Urbaine;PM2.5;Fond;Oui;mesures fixes;moyenne horaire validée;8.4;8.35;µg/m3;;;;A;1;43.8344;4.3744
2025-12-31 12:00:00;2025-12-31 13:00:00;ATMO OCCITANIE;FR76ZAR01;ZAR PERPIGNAN;FR08714;Perpignan Les Carmes;Urbaine;PM2.5;Fond;Oui;mesures fixes;moyenne horaire validée;3.8;3.8;µg-m3;;;;A;1;42.6955;2.90053
2025-12-31 12:00:00;2025-12-31 13:00:00;ATMO NOUVELLE-AQUITAINE;FR75ZRE02;ZR NOUVELLE-AQUITAINE;FR09003;place de VERDUN;Urbaine;PM2.5;Fond;Oui;mesures fixes;moyenne horaire validée;8.7;8.725;µg-m3;;;;A;1;46.162647;-1.153684
2025-12-31 12:00:00;2025-12-31 13:00:00;ATMO NOUVELLE-AQUITAINE;FR75ZRE02;ZR NOUVELLE-AQUITAINE;FR09103;Square Pablo Casals;Urbaine;PM2.5;Fond;Oui;mesures fixes;moyenne horaire validée;5.9;5.925;µg-m3;;;;A;1;45.647428;0.167162
2025-12-31 12:00:00;2025-12-31 13:00:00;ATMO NOUVELLE-AQUITAINE;FR75ZRE02;ZR NOUVELLE-AQUITAINE;FR09203;La Pallice3 LR;Urbaine;PM2.5;Industrielle;Oui;mesures fixes;moyenne horaire validée;9.6;9.6;µg-m3;;;;A;1;46.161632;-1.211229
2025-12-31 12:00:00;2025-12-31 13:00:00;ATMO NOUVELLE-AQUITAINE;FR75ZRE02;ZR NOUVELLE-AQUITAINE;FR09302;Zoodyssée Chizé;Rurale régionale;PM2.5;Fond;Oui;mesures fixes;moyenne horaire validée;3.9;3.875;µg-m3;;;;A;1;46.143234;-0.395913
2025-12-31 12:00:00;2025-12-31 13:00:00;ATMO NOUVELLE-AQUITAINE;FR75ZRE02;ZR NOUVELLE-AQUITAINE;FR09303;Niort Venise;Urbaine;PM2.5;Fond;Oui;mesures fixes;moyenne horaire validée;5.3;5.3;µg-m3;;;;A;1;46.320028;-0.482861
2025-12-31 12:00:00;2025-12-31 13:00:00;ATMO NOUVELLE-AQUITAINE;FR75ZRE02;ZR NOUVELLE-AQUITAINE;FR09404;Poitiers Centre  Augouard;Urbaine;PM2.5;Fond;Oui;mesures fixes;moyenne horaire validée;5.1;5.1;µg-m3;;;;A;1;46.583998;0.345582
2025-12-31 12:00:00;2025-12-31 13:00:00;ATMO HAUTS DE FRANCE;FR32ZAR01;ZAR COTE-D-OPALE;FR10004;Malo-les-Bains;Urbaine;PM2.5;Fond;Oui;mesures fixes;moyenne horaire validée;5.5;5.525;µg-m3;;;;A;1;51.04858;2.42004
2025-12-31 12:00:00;2025-12-31 13:00:00;ATMO HAUTS DE FRANCE;FR32ZAR01;ZAR COTE-D-OPALE;FR10016;Calais Berthelot;Urbaine;PM2.5;Fond;Oui;mesures fixes;moyenne horaire validée;4.9;4.925;µg-m3;;;;A;1;50.94729;1.84308
2025-12-31 12:00:00;2025-12-31 13:00:00;ATMO HAUTS DE FRANCE;FR32ZAR01;ZAR COTE-D-OPALE;FR10017;St Pol mer - cheminots;Urbaine;PM2.5;Fond;Oui;mesures fixes;moyenne horaire validée;4;3.975;µg-m3;;;;A;1;51.032761;2.332358
2025-12-31 12:00:00;2025-12-31 13:00:00;ATMO HAUTS DE FRANCE;FR32ZAR01;ZAR COTE-D-OPALE;FR10030;Boulogne Diderot;Urbaine;PM2.5;Trafic;Oui;mesures fixes;moyenne horaire validée;5.3;5.325;µg-m3;;;;A;1;50.717029;1.605913
2025-12-31 12:00:00;2025-12-31 13:00:00;ATMO HAUTS DE FRANCE;FR32ZAR01;ZAR COTE-D-OPALE;FR10034;Grande-synthe;Urbaine;PM2.5;Industrielle;Oui;mesures fixes;moyenne horaire validée;3.6;3.55;µg-m3;;;;A;1;51.02446;2.30215
2025-12-31 12:00:00;2025-12-31 13:00:00;ATMO HAUTS DE FRANCE;FR32ZAG02;ZAG LILLE;FR11034;Roubaix Serres;Urbaine;PM2.5;Trafic;Oui;mesures fixes;moyenne horaire validée;18.3;18.3;µg-m3;;;;A;1;50.706535;3.18066
2025-12-31 12:00:00;2025-12-31 13:00:00;ATMO HAUTS DE FRANCE;FR32ZAG02;ZAG LILLE;FR11038;Tourcoing Houpline;Urbaine;PM2.5;Fond;Oui;mesures fixes;moyenne horaire validée;11.5;11.525;µg-m3;;;;A;1;50.733333;3.173611
2025-12-31 12:00:00;2025-12-31 13:00:00;ATMO HAUTS DE FRANCE;FR32ZAG02;ZAG LILLE;FR11114;Wattignies;Périurbaine;PM2.5;Fond;Oui;mesures fixes;moyenne horaire validée;11.3;11.325;µg-m3;;;;A;1;50.59774;3.04946
2025-12-31 12:00:00;2025-12-31 13:00:00;ATMO OCCITANIE;FR76ZAG01;ZAG TOULOUSE;FR12004;Toulouse école m. Jacquier;Urbaine;PM2.5;Fond;Oui;mesures fixes;moyenne horaire validée;13;12.95;µg-m3;;;;A;1;43.575694;1.418064
2025-12-31 12:00:00;2025-12-31 13:00:00;ATMO OCCITANIE;FR76ZRE01;ZR OCCITANIE;FR12020;Peyrusse Vieille;Rurale nationale;PM2.5;Fond;Oui;mesures fixes;moyenne horaire validée;10.7;10.65;µg/m3;;;;A;1;43.6287;0.179069
2025-12-31 12:00:00;2025-12-31 13:00:00;ATMO OCCITANIE;FR76ZAG01;ZAG TOULOUSE;FR12021;Toulouse Mazades;Urbaine;PM2.5;Fond;Oui;mesures indicatives;moyenne horaire validée;16;15.975;µg-m3;;;;A;1;43.623606;1.438531
2025-12-31 12:00:00;2025-12-31 13:00:00;ATMO OCCITANIE;FR76ZAG01;ZAG TOULOUSE;FR12030;Toulouse Berthelot;Urbaine;PM2.5;Fond;Oui;mesures fixes;moyenne horaire validée;14;14;µg-m3;;;;A;1;43.587344;1.444003
2025-12-31 12:00:00;2025-12-31 13:00:00;ATMO OCCITANIE;FR76ZRE01;ZR OCCITANIE;FR12042;Lourdes Lapaca;Urbaine;PM2.5;Fond;Oui;mesures fixes;moyenne horaire validée;9.5;9.45;µg-m3;;;;A;1;43.096247;-0.040497
2025-12-31 12:00:00;2025-12-31 13:00:00;ATMO OCCITANIE;FR76ZRE01;ZR OCCITANIE;FR12052;Tarbes lycée Dupuy;Urbaine;PM2.5;Fond;Oui;mesures fixes;moyenne horaire validée;11.2;11.225;µg-m3;;;;A;1;43.230297;0.062339
2025-12-31 12:00:00;2025-12-31 13:00:00;ATMO OCCITANIE;FR76ZRE01;ZR OCCITANIE;FR12053;Castres stadeTravet;Urbaine;PM2.5;Fond;Oui;mesures fixes;moyenne horaire validée;11.5;11.475;µg-m3;;;;A;1;43.610497;2.23015
2025-12-31 12:00:00;2025-12-31 13:00:00;ATMO OCCITANIE;FR76ZAG01;ZAG TOULOUSE;FR12054;Toulouse Rte Albi;Urbaine;PM2.5;Trafic;Oui;mesures fixes;moyenne horaire validée;16.4;16.375;µg-m3;;;;A;1;43.643944;1.468244
2025-12-31 12:00:00;2025-12-31 13:00:00;ATMO OCCITANIE;FR76ZAG01;ZAG TOULOUSE;FR12085;Toulouse Port de l'Embouchure;Urbaine;PM2.5;Trafic;Oui;mesures fixes;moyenne horaire validée;19;18.975;µg-m3;;;;R;1;43.610386;1.4152
2025-12-31 12:00:00;2025-12-31 13:00:00;ATMO OCCITANIE;FR76ZRE01;ZR OCCITANIE;FR12095;Rodez Camonil;Urbaine;PM2.5;Fond;Oui;mesures fixes;moyenne horaire validée;12.7;12.7;µg-m3;;;;A;1;44.35699225;2.57070422
2025-12-31 12:00:00;2025-12-31 13:00:00;ATMO GRAND EST;FR44ZRE01;ZR GRAND-EST;FR14008;REVIN;Rurale nationale;PM2.5;Fond;Oui;mesures fixes;moyenne horaire validée;9.4;9.35;µg-m3;;;;A;1;49.90778;4.63
2025-12-31 12:00:00;2025-12-31 13:00:00;ATMO GRAND EST;FR44ZAR01;ZAR REIMS;FR14011;DOUMER;Urbaine;PM2.5;Trafic;Oui;mesures fixes;moyenne horaire validée;25.4;25.425;µg-m3;;;;A;1;49.250732;4.023064
2025-12-31 12:00:00;2025-12-31 13:00:00;ATMO GRAND EST;FR44ZAR01;ZAR REIMS;FR14012;Jean d Aulan;Urbaine;PM2.5;Fond;Oui;mesures fixes;moyenne horaire validée;28.2;28.175;µg-m3;;;;A;1;49.224167;4.020556
2025-12-31 12:00:00;2025-12-31 13:00:00;ATMO GRAND EST;FR44ZRE01;ZR GRAND-EST;FR14028;Rempart Perrier;Urbaine;PM2.5;Trafic;Oui;mesures fixes;moyenne horaire validée;14.5;14.5;µg/m3;;;;A;1;49.0461;3.955911
2025-12-31 12:00:00;2025-12-31 13:00:00;ATMO GRAND EST;FR44ZRE01;ZR GRAND-EST;FR14033;STE SAVINE;Urbaine;PM2.5;Fond;Oui;mesures fixes;moyenne horaire validée;12.3;12.325;µg-m3;;;;A;1;48.295002;4.050278
2025-12-31 12:00:00;2025-12-31 13:00:00;ATMO GRAND EST;FR44ZRE01;ZR GRAND-EST;FR14042;St DIZIER L. Michel;Urbaine;PM2.5;Fond;Oui;mesures fixes;moyenne horaire validée;16.8;16.825;µg-m3;;;;A;1;48.645836;4.966111
2025-12-31 12:00:00;2025-12-31 13:00:00;ATMO AUVERGNE-RHÔNE-ALPES;FR84ZAG02;ZAG GRENOBLE;FR15038;St Martin d'Heres;Urbaine;PM2.5;Fond;Oui;mesures fixes;moyenne horaire validée;20.5;20.5;µg-m3;;;;A;1;45.1828;5.7531
2025-12-31 12:00:00;2025-12-31 13:00:00;ATMO AUVERGNE-RHÔNE-ALPES;FR84ZAG02;ZAG GRENOBLE;FR15043;Grenoble Les Frenes;Urbaine;PM2.5;Fond;Oui;mesures fixes;moyenne horaire validée;18.5;18.475;µg-m3;;;;A;1;45.1619;5.7356
2025-12-31 12:00:00;2025-12-31 13:00:00;ATMO AUVERGNE-RHÔNE-ALPES;FR84ZAG02;ZAG GRENOBLE;FR15048;Gresivaudan Periurb;Périurbaine;PM2.5;Fond;Oui;mesures indicatives;moyenne horaire validée;14.6;14.6;µg-m3;;;;A;1;45.2797;5.8822
2025-12-31 12:00:00;2025-12-31 13:00:00;ATMO AUVERGNE-RHÔNE-ALPES;FR84ZAG02;ZAG GRENOBLE;FR15053;Rocade Sud Eybens;Urbaine;PM2.5;Trafic;Oui;mesures fixes;moyenne horaire validée;18.2;18.15;µg-m3;;;;A;1;45.15467;5.74523
2025-12-31 12:00:00;2025-12-31 13:00:00;ATMO GRAND EST;FR44ZRE01;ZR GRAND-EST;FR16066;Mulhouse Sud 2;Urbaine;PM2.5;Fond;Oui;mesures fixes;moyenne horaire validée;8.8;8.825;µg-m3;;;;A;1;47.737415;7.309075
2025-12-31 12:00:00;2025-12-31 13:00:00;ATMO GRAND EST;FR44ZRE01;ZR GRAND-EST;FR16302;Donon Vosges Moyennes 2;Rurale nationale;PM2.5;Fond;Oui;mesures fixes;moyenne horaire validée;2.9;2.85;µg-m3;;;;A;1;48.492992;7.1298
2025-12-31 12:00:00;2025-12-31 13:00:00;ATMO HAUTS DE FRANCE;FR32ZRE01;ZR HAUTS-DE-FRANCE;FR18039;Arrest;Rurale régionale;PM2.5;Fond;Oui;mesures fixes;moyenne horaire validée;13.1;13.05;µg-m3;;;;A;1;50.129448;1.610833
2025-12-31 12:00:00;2025-12-31 13:00:00;ATMO HAUTS DE FRANCE;FR32ZRE01;ZR HAUTS-DE-FRANCE;FR18042;P. Roth St Quentin;Urbaine;PM2.5;Fond;Oui;mesures fixes;moyenne horaire validée;18.1;18.125;µg-m3;;;;A;1;49.851334;3.284
2025-12-31 12:00:00;2025-12-31 13:00:00;ATMO HAUTS DE FRANCE;FR32ZAR03;ZAR CREIL;FR18043;Faiencerie Creil;Urbaine;PM2.5;Fond;Oui;mesures fixes;moyenne horaire validée;14.3;14.3;µg-m3;;;;A;1;49.259552;2.474397
2025-12-31 12:00:00;2025-12-31 13:00:00;ATMO HAUTS DE FRANCE;FR32ZAR02;ZAR AMIENS;FR18053;St Pierre Amiens;Urbaine;PM2.5;Fond;Oui;mesures fixes;moyenne horaire validée;14.5;14.525;µg-m3;;;;A;1;49.901667;2.304597
2025-12-31 12:00:00;2025-12-31 13:00:00;ATMO HAUTS DE FRANCE;FR32ZRE01;ZR HAUTS-DE-FRANCE;FR18057;Neuilly-Saint-Front;Rurale régionale;PM2.5;Fond;Oui;mesures indicatives;moyenne horaire validée;21.4;21.425;µg-m3;;;;A;1;49.174931;3.260819
2025-12-31 12:00:00;2025-12-31 13:00:00;ATMO HAUTS DE FRANCE;FR32ZRE01;ZR HAUTS-DE-FRANCE;FR18058;Gaudechart;Rurale régionale;PM2.5;Fond;Oui;mesures fixes;moyenne horaire validée;14.8;14.775;µg-m3;;;;A;1;49.61563;1.963259
2025-12-31 12:00:00;2025-12-31 13:00:00;ATMO HAUTS DE FRANCE;FR32ZAR02;ZAR AMIENS;FR18079;TRAFIC AMIENS;Urbaine;PM2.5;Trafic;Oui;mesures fixes;moyenne horaire validée;14;14;µg-m3;;;;A;1;49.87722;2.2825
2025-12-31 12:00:00;2025-12-31 13:00:00;ATMO HAUTS DE FRANCE;FR32ZRE01;ZR HAUTS-DE-FRANCE;FR18080;TRAF Saint Quent 14;Urbaine;PM2.5;Trafic;Oui;mesures fixes;moyenne horaire validée;16.2;16.225;µg-m3;;;;A;1;49.84282;3.281439
2025-12-31 12:00:00;2025-12-31 13:00:00;ATMO HAUTS DE FRANCE;FR32ZRE01;ZR HAUTS-DE-FRANCE;FR18089;Trafic Beauvais 1;Urbaine;PM2.5;Trafic;Oui;mesures fixes;moyenne horaire validée;15.5;15.45;µg-m3;;;;A;1;49.435932;2.084292
2025-12-31 12:00:00;2025-12-31 13:00:00;AIR BREIZH;FR53ZAG01;ZAG RENNES;FR19002;Rennes Laennec;Urbaine;PM2.5;Trafic;Oui;mesures fixes;moyenne horaire validée;8.8;8.75;µg-m3;;;;A;1;48.10861;-1.66586
2025-12-31 12:00:00;2025-12-31 13:00:00;AIR BREIZH;FR53ZAR01;ZAR BREST;FR19012;Brest Mace;Urbaine;PM2.5;Fond;Oui;mesures fixes;moyenne horaire validée;3.3;3.275;µg-m3;;;;A;1;48.38618;-4.4866
2025-12-31 12:00:00;2025-12-31 13:00:00;AIR BREIZH;FR53ZAR01;ZAR BREST;FR19014;Brest Desmoulins;Urbaine;PM2.5;Trafic;Oui;mesures fixes;moyenne horaire validée;6.1;6.075;µg-m3;;;;A;1;48.39746;-4.48871
2025-12-31 12:00:00;2025-12-31 13:00:00;AIR BREIZH;FR53ZRE01;ZR BRETAGNE;FR19020;Kergoff;Rurale nationale;PM2.5;Fond;Oui;mesures fixes;moyenne horaire validée;3.7;3.65;µg-m3;;;;A;1;48.261963;-2.943631
2025-12-31 12:00:00;2025-12-31 13:00:00;AIR BREIZH;FR53ZRE01;ZR BRETAGNE;FR19032;Lorient B. Bissonnet;Urbaine;PM2.5;Fond;Oui;mesures fixes;moyenne horaire validée;5.7;5.675;µg-m3;;;;A;1;47.7425;-3.39501
2025-12-31 12:00:00;2025-12-31 13:00:00;AIR BREIZH;FR53ZRE01;ZR BRETAGNE;FR19033;Vannes UTA;Urbaine;PM2.5;Fond;Oui;mesures fixes;moyenne horaire validée;7.3;7.25;µg-m3;;;;A;1;47.64892;-2.76399
2025-12-31 12:00:00;2025-12-31 13:00:00;AIR BREIZH;FR53ZRE01;ZR BRETAGNE;FR19037;Lorient Normandie;Urbaine;PM2.5;Trafic;Oui;mesures fixes;moyenne horaire validée;7.9;7.85;µg-m3;;;;A;1;47.758947;-3.36938
2025-12-31 12:00:00;2025-12-31 13:00:00;AIR BREIZH;FR53ZAG01;ZAG RENNES;FR19039;Rennes Thabor;Urbaine;PM2.5;Fond;Oui;mesures fixes;moyenne horaire validée;8.1;8.1;µg-m3;;;;A;1;48.11521;-1.673088
2025-12-31 12:00:00;2025-12-31 13:00:00;AIR BREIZH;FR53ZRE01;ZR BRETAGNE;FR19053;Quimper Zola;Urbaine;PM2.5;Fond;Oui;mesures fixes;moyenne horaire validée;5.7;5.675;µg-m3;;;;A;1;47.986606;-4.097658
2025-12-31 12:00:00;2025-12-31 13:00:00;AIR BREIZH;FR53ZRE01;ZR BRETAGNE;FR19082;StMalo Rocabey;Périurbaine;PM2.5;Fond;Oui;mesures fixes;moyenne horaire validée;4.9;4.925;µg-m3;;;;A;1;48.65306;-2.00268
2025-12-31 12:00:00;2025-12-31 13:00:00;ATMO AUVERGNE-RHÔNE-ALPES;FR84ZAG01;ZAG LYON;FR20013;A7 SUD LYONNAIS;Périurbaine;PM2.5;Trafic;Oui;mesures fixes;moyenne horaire validée;11;11;µg-m3;;;;A;1;45.720024;4.818156
2025-12-31 12:00:00;2025-12-31 13:00:00;ATMO AUVERGNE-RHÔNE-ALPES;FR84ZAG01;ZAG LYON;FR20017;GERLAND;Urbaine;PM2.5;Fond;Oui;mesures fixes;moyenne horaire validée;10.3;10.325;µg-m3;;;;A;1;45.73529;4.829794
2025-12-31 12:00:00;2025-12-31 13:00:00;ATMO AUVERGNE-RHÔNE-ALPES;FR84ZAG01;ZAG LYON;FR20046;VAULX EN VELIN;Urbaine;PM2.5;Fond;Oui;mesures fixes;moyenne horaire validée;5;5;µg-m3;;;;A;1;45.7789;4.9247
2025-12-31 12:00:00;2025-12-31 13:00:00;ATMO AUVERGNE-RHÔNE-ALPES;FR84ZAG01;ZAG LYON;FR20048;SAINT EXUPERY;Périurbaine;PM2.5;Fond;Oui;mesures indicatives;moyenne horaire validée;9.4;9.425;µg-m3;;;;A;1;45.7533;5.0722
2025-12-31 12:00:00;2025-12-31 13:00:00;ATMO AUVERGNE-RHÔNE-ALPES;FR84ZAG01;ZAG LYON;FR20062;LYON Centre;Urbaine;PM2.5;Fond;Oui;mesures fixes;moyenne horaire validée;10.2;10.225;µg-m3;;;;A;1;45.757732;4.854214
2025-12-31 12:00:00;2025-12-31 13:00:00;ATMO AUVERGNE-RHÔNE-ALPES;FR84ZAG01;ZAG LYON;FR20077;Villefranche Centre ;Urbaine;PM2.5;Fond;Oui;mesures fixes;moyenne horaire validée;8.1;8.125;µg-m3;;;;A;1;45.990112;4.715566
2025-12-31 12:00:00;2025-12-31 13:00:00;ATMO NORMANDIE;FR28ZAR02;ZAR CAEN;FR21001;Caen Chemin-Vert;Urbaine;PM2.5;Fond;Oui;mesures fixes;moyenne horaire validée;12.3;12.3;µg-m3;;;;A;1;49.19222;-0.391111
2025-12-31 12:00:00;2025-12-31 13:00:00;ATMO NORMANDIE;FR28ZRE02;ZR NORMANDIE;FR21031;Alençon Météo-France;Périurbaine;PM2.5;Fond;Oui;mesures fixes;moyenne horaire validée;9.6;9.625;µg-m3;;;;A;1;48.445553;0.110833
2025-12-31 12:00:00;2025-12-31 13:00:00;ATMO NORMANDIE;FR28ZRE02;ZR NORMANDIE;FR21038;Cherbourg Hotel de Ville;Urbaine;PM2.5;Fond;Oui;mesures fixes;moyenne horaire validée;2.1;2.075;µg-m3;;;;A;1;49.64225;-1.624361
2025-12-31 12:00:00;2025-12-31 13:00:00;ATMO NORMANDIE;FR28ZRE02;ZR NORMANDIE;FR21039;Cherbourg PMF;Urbaine;PM2.5;Trafic;Oui;mesures fixes;moyenne horaire validée;8.6;8.575;µg-m3;;;;A;1;49.6338888888888;-1.62472222221668
2025-12-31 12:00:00;2025-12-31 13:00:00;ATMO NORMANDIE;FR28ZRE02;ZR NORMANDIE;FR21050;La Coulonche MERA;Rurale nationale;PM2.5;Fond;Oui;mesures fixes;moyenne horaire validée;5.4;5.35;µg-m3;;;;A;1;48.645;-0.458333
2025-12-31 12:00:00;2025-12-31 13:00:00;ATMO GRAND EST;FR44ZRE01;ZR GRAND-EST;FR22054;Station de FORBACH;Urbaine;PM2.5;Fond;Oui;mesures fixes;moyenne horaire validée;14.2;14.2;µg-m3;;;;A;1;49.18742;6.910867
2025-12-31 12:00:00;2025-12-31 13:00:00;AIR PAYS DE LA LOIRE;FR52ZAG01;ZAG NANTES-SAINT-NAZAIRE;FR23003;LA MEGRETAIS;Périurbaine;PM2.5;Industrielle;Oui;mesures fixes;moyenne horaire validée;11.5;11.45;µg-m3;;;;A;1;47.322705;-2.039243
2025-12-31 12:00:00;2025-12-31 13:00:00;AIR PAYS DE LA LOIRE;FR52ZRE01;ZR PAYS-DE-LA-LOIRE;FR23068;FROSSAY;Rurale près des villes;PM2.5;Industrielle;Oui;mesures fixes;moyenne horaire validée;10.9;10.875;µg-m3;;;;A;1;47.247353;-1.936522
2025-12-31 12:00:00;2025-12-31 13:00:00;AIR PAYS DE LA LOIRE;FR52ZAG01;ZAG NANTES-SAINT-NAZAIRE;FR23070;S ETIENNE DE MONTLUC;Périurbaine;PM2.5;Industrielle;Oui;mesures fixes;moyenne horaire validée;8.7;8.65;µg-m3;;;;A;1;47.283127;-1.783082
2025-12-31 12:00:00;2025-12-31 13:00:00;AIR PAYS DE LA LOIRE;FR52ZAG01;ZAG NANTES-SAINT-NAZAIRE;FR23110;LEON BLUM;Urbaine;PM2.5;Fond;Oui;mesures fixes;moyenne horaire validée;10;10.025;µg-m3;;;;A;1;47.264109;-2.250153
2025-12-31 12:00:00;2025-12-31 13:00:00;AIR PAYS DE LA LOIRE;FR52ZAR01;ZAR ANGERS-LOIRE;FR23120;BEAUX ARTS;Urbaine;PM2.5;Fond;Oui;mesures fixes;moyenne horaire validée;10.9;10.925;µg-m3;;;;A;1;47.468498;-0.555925
2025-12-31 12:00:00;2025-12-31 13:00:00;AIR PAYS DE LA LOIRE;FR52ZAR03;ZAR LAVAL;FR23123;MAZAGRAN;Urbaine;PM2.5;Fond;Oui;mesures fixes;moyenne horaire validée;7.3;7.325;µg-m3;;;;A;1;48.069299;-0.768129
2025-12-31 12:00:00;2025-12-31 13:00:00;AIR PAYS DE LA LOIRE;FR52ZRE01;ZR PAYS-DE-LA-LOIRE;FR23124;LA TARDIERE;Rurale nationale;PM2.5;Fond;Oui;mesures fixes;moyenne horaire validée;5.3;5.3;µg-m3;;;;A;1;46.656625;-0.743381
2025-12-31 12:00:00;2025-12-31 13:00:00;AIR PAYS DE LA LOIRE;FR52ZRE01;ZR PAYS-DE-LA-LOIRE;FR23152;DELACROIX;Urbaine;PM2.5;Fond;Oui;mesures fixes;moyenne horaire validée;5.6;5.55;µg-m3;;;;A;1;46.660649;-1.43686
2025-12-31 12:00:00;2025-12-31 13:00:00;AIR PAYS DE LA LOIRE;FR52ZRE01;ZR PAYS-DE-LA-LOIRE;FR23177;SAINT-DENIS D'ANJOU;Rurale régionale;PM2.5;Fond;Oui;mesures fixes;moyenne horaire validée;9.8;9.775;µg-m3;;;;A;1;47.788334;-0.444756
2025-12-31 12:00:00;2025-12-31 13:00:00;AIR PAYS DE LA LOIRE;FR52ZAG01;ZAG NANTES-SAINT-NAZAIRE;FR23178;PARSCAU DU PLESSIS;Périurbaine;PM2.5;Industrielle;Oui;mesures fixes;moyenne horaire validée;9;9.025;µg-m3;;;;A;1;47.318894;-2.066876
2025-12-31 12:00:00;2025-12-31 13:00:00;AIR PAYS DE LA LOIRE;FR52ZAR02;ZAR LE-MANS;FR23182;SOURCES;Urbaine;PM2.5;Fond;Oui;mesures fixes;moyenne horaire validée;10.8;10.775;µg-m3;;;;A;1;47.971144;0.221356
2025-12-31 12:00:00;2025-12-31 13:00:00;AIR PAYS DE LA LOIRE;FR52ZAG01;ZAG NANTES-SAINT-NAZAIRE;FR23188;CIM BOUTEILLERIE;Urbaine;PM2.5;Fond;Oui;mesures fixes;moyenne horaire validée;9;9.025;µg-m3;;;;A;1;47.222188;-1.537432
2025-12-31 12:00:00;2025-12-31 13:00:00;AIR PAYS DE LA LOIRE;FR52ZAG01;ZAG NANTES-SAINT-NAZAIRE;FR23238;LEVOYER;Urbaine;PM2.5;Industrielle;Oui;mesures fixes;moyenne horaire validée;12.6;12.625;µg-m3;;;;A;1;47.194158;-1.581689
2025-12-31 12:00:00;2025-12-31 13:00:00;AIR PAYS DE LA LOIRE;FR52ZAG01;ZAG NANTES-SAINT-NAZAIRE;FR23239;LA CHABOSSIERE;Urbaine;PM2.5;Industrielle;Oui;mesures fixes;moyenne horaire validée;10.1;10.1;µg-m3;;;;A;1;47.185938;-1.591504
2025-12-31 12:00:00;2025-12-31 13:00:00;AIR PAYS DE LA LOIRE;FR52ZAG01;ZAG NANTES-SAINT-NAZAIRE;FR23249;LA CAME;Périurbaine;PM2.5;Industrielle;Oui;mesures fixes;moyenne horaire validée;8.6;8.575;µg-m3;;;;A;1;47.321129;-2.127344
2025-12-31 12:00:00;2025-12-31 13:00:00;AIR PAYS DE LA LOIRE;FR52ZAG01;ZAG NANTES-SAINT-NAZAIRE;FR23251;FRERES GONCOURT;Urbaine;PM2.5;Trafic;Oui;mesures fixes;moyenne horaire validée;8.7;8.725;µg-m3;;;;A;1;47.233557;-1.564811
2025-12-31 12:00:00;2025-12-31 13:00:00;AIR PAYS DE LA LOIRE;FR52ZAR03;ZAR LAVAL;FR23252;LA PAIX;Urbaine;PM2.5;Trafic;Oui;mesures fixes;moyenne horaire validée;4.7;4.7;µg-m3;;;;A;1;48.071043;-0.766993
2025-12-31 12:00:00;2025-12-31 13:00:00;ATMO SUD;FR93ZAG02;ZAG NICE;FR24009;CANNES BROUSSAILLES;Urbaine;PM2.5;Fond;Oui;mesures fixes;moyenne horaire validée;6.8;6.825;µg-m3;;;;A;1;43.558389;7.005919
2025-12-31 12:00:00;2025-12-31 13:00:00;ATMO SUD;FR93ZAG02;ZAG NICE;FR24021;PEILLON;Périurbaine;PM2.5;Industrielle;Oui;mesures fixes;moyenne horaire validée;12.1;12.125;µg-m3;;;;A;1;43.786583;7.373283
2025-12-31 12:00:00;2025-12-31 13:00:00;ATMO SUD;FR93ZRE02;ZR PROVENCE-ALPES-COTE-D-AZUR;FR24033;GAP COMMANDERIE;Urbaine;PM2.5;Fond;Oui;mesures fixes;moyenne horaire validée;7.5;7.45;µg-m3;;;;A;1;44.555193;6.073015
2025-12-31 12:00:00;2025-12-31 13:00:00;ATMO SUD;FR93ZAG02;ZAG NICE;FR24035;NICE PROMENADE;Urbaine;PM2.5;Trafic;Oui;mesures fixes;moyenne horaire validée;20.2;20.2;µg-m3;;;;A;1;43.689291;7.242074
2025-12-31 12:00:00;2025-12-31 13:00:00;ATMO SUD;FR93ZAG02;ZAG NICE;FR24036;NICE ARSON;Urbaine;PM2.5;Fond;Oui;mesures fixes;moyenne horaire validée;6.3;6.325;µg-m3;;;;A;1;43.702075;7.286256
2025-12-31 12:00:00;2025-12-31 13:00:00;ATMO SUD;FR93ZRE02;ZR PROVENCE-ALPES-COTE-D-AZUR;FR24038;GAP JEAN JAURES;Urbaine;PM2.5;Trafic;Oui;mesures fixes;moyenne horaire validée;12.4;12.375;µg-m3;;;;A;1;44.548647;6.067237
2025-12-31 12:00:00;2025-12-31 13:00:00;ATMO SUD;FR93ZRE02;ZR PROVENCE-ALPES-COTE-D-AZUR;FR24039;Obs Haute-Provence;Rurale près des villes;PM2.5;Fond;Oui;mesures fixes;moyenne horaire validée;10.8;10.8;µg-m3;;;;A;1;43.933476;5.711809
2025-12-31 12:00:00;2025-12-31 13:00:00;ATMO NORMANDIE;FR28ZAG01;ZAG ROUEN;FR25036;Espace du Palais;Urbaine;PM2.5;Fond;Oui;mesures fixes;moyenne horaire validée;33.8;33.8;µg-m3;;;;A;1;49.442358;1.093789
2025-12-31 12:00:00;2025-12-31 13:00:00;ATMO NORMANDIE;FR28ZRE02;ZR NORMANDIE;FR25039;Evreux Centre;Urbaine;PM2.5;Fond;Oui;mesures fixes;moyenne horaire validée;16.4;16.35;µg-m3;;;;A;1;49.02134;1.148319
2025-12-31 12:00:00;2025-12-31 13:00:00;ATMO NORMANDIE;FR28ZAG01;ZAG ROUEN;FR25043;Centre Hospitalier;Urbaine;PM2.5;Fond;Oui;mesures fixes;moyenne horaire validée;33;32.975;µg-m3;;;;A;1;49.4005;1.099042
2025-12-31 12:00:00;2025-12-31 13:00:00;ATMO NORMANDIE;FR28ZAG01;ZAG ROUEN;FR25048;Petit Quevilly;Urbaine;PM2.5;Fond;Oui;mesures fixes;moyenne horaire validée;24.5;24.45;µg-m3;;;;A;1;49.42815;1.058025
2025-12-31 12:00:00;2025-12-31 13:00:00;ATMO NORMANDIE;FR28ZRE02;ZR NORMANDIE;FR25049;Base loisirs Poses;Rurale près des villes;PM2.5;Fond;Oui;mesures fixes;moyenne horaire validée;22.2;22.15;µg-m3;;;;A;1;49.30487;1.214367
2025-12-31 12:00:00;2025-12-31 13:00:00;ATMO NORMANDIE;FR28ZRE02;ZR NORMANDIE;FR25051;Dieppe prox-auto;Urbaine;PM2.5;Trafic;Oui;mesures fixes;moyenne horaire validée;35.7;35.7;µg-m3;;;;A;1;49.918007;1.073972
2025-12-31 12:00:00;2025-12-31 13:00:00;ATMO NORMANDIE;FR28ZAG01;ZAG ROUEN;FR25053;Rouen Proxi Quai de Paris;Urbaine;PM2.5;Trafic;Oui;mesures fixes;moyenne horaire validée;32.9;32.875;µg-m3;;;;A;1;49.436699;1.098838
2025-12-31 12:00:00;2025-12-31 13:00:00;ATMO NORMANDIE;FR28ZRE02;ZR NORMANDIE;FR25055;Dieppe Golf;Périurbaine;PM2.5;Fond;Oui;mesures fixes;moyenne horaire validée;10.2;10.225;µg-m3;;;;A;1;49.920492;1.047892
2025-12-31 12:00:00;2025-12-31 13:00:00;ATMO BOURGOGNE-FRANCHE-COMTE;FR27ZAR02;ZAR DIJON;FR26005;Dijon Péjoces;Périurbaine;PM2.5;Fond;Oui;mesures fixes;moyenne horaire validée;5.9;5.9;µg-m3;;;;A;1;47.307368;5.065881
2025-12-31 12:00:00;2025-12-31 13:00:00;ATMO BOURGOGNE-FRANCHE-COMTE;FR27ZRE01;ZR BOURGOGNE-FRANCHE-COMTE;FR26012;Morvan;Rurale nationale;PM2.5;Fond;Oui;mesures fixes;moyenne horaire validée;2.6;2.55;µg-m3;;;;A;1;47.274762;4.099476
2025-12-31 12:00:00;2025-12-31 13:00:00;ATMO BOURGOGNE-FRANCHE-COMTE;FR27ZRE01;ZR BOURGOGNE-FRANCHE-COMTE;FR26017;Nevers;Urbaine;PM2.5;Fond;Oui;mesures fixes;moyenne horaire validée;4.5;4.5;µg-m3;;;;A;1;46.996828;3.171092
2025-12-31 12:00:00;2025-12-31 13:00:00;ATMO BOURGOGNE-FRANCHE-COMTE;FR27ZRE01;ZR BOURGOGNE-FRANCHE-COMTE;FR26019;Auxerre;Urbaine;PM2.5;Fond;Oui;mesures fixes;moyenne horaire validée;8.9;8.85;µg-m3;;;;A;1;47.800575;3.576189
2025-12-31 12:00:00;2025-12-31 13:00:00;ATMO BOURGOGNE-FRANCHE-COMTE;FR27ZAR02;ZAR DIJON;FR26094;Dijon Ardennes;Urbaine;PM2.5;Trafic;Oui;mesures fixes;moyenne horaire validée;13.2;13.2;µg-m3;;;;A;1;47.351367;5.070706
2025-12-31 12:00:00;2025-12-31 13:00:00;ATMO AUVERGNE-RHÔNE-ALPES;FR84ZAG01;ZAG LYON;FR27007;Bourgoin-Jallieu;Urbaine;PM2.5;Fond;Oui;mesures indicatives;moyenne horaire validée;10.8;10.8;µg-m3;;;;A;1;45.60822;5.270872
2025-12-31 12:00:00;2025-12-31 13:00:00;ATMO AUVERGNE-RHÔNE-ALPES;FR84ZAR02;ZAR VALLEE-DU-RHONE;FR27011;A7 Salaise Ouest;Périurbaine;PM2.5;Trafic;Oui;mesures indicatives;moyenne horaire validée;5.3;5.25;µg-m3;;;;A;1;45.344078;4.807481
2025-12-31 12:00:00;2025-12-31 13:00:00;ATMO HAUTS DE FRANCE;FR32ZAR04;ZAR ARRAS;FR28022;St-Laurent-Blangy;Périurbaine;PM2.5;Fond;Oui;mesures fixes;moyenne horaire validée;5.8;5.8;µg-m3;;;;A;1;50.30886;2.807369
2025-12-31 12:00:00;2025-12-31 13:00:00;ATMO HAUTS DE FRANCE;FR32ZAG01;ZAG BLDV;FR28028;Bethune Stade;Urbaine;PM2.5;Fond;Oui;mesures fixes;moyenne horaire validée;11.5;11.475;µg-m3;;;;A;1;50.535385;2.635692
2025-12-31 12:00:00;2025-12-31 13:00:00;ATMO AUVERGNE-RHÔNE-ALPES;FR84ZAG03;ZAG SAINT-ETIENNE;FR29424;SAINT ETIENNE SUD;Urbaine;PM2.5;Fond;Oui;mesures fixes;moyenne horaire validée;8.3;8.325;µg-m3;;;;A;1;45.42009;4.395422
2025-12-31 12:00:00;2025-12-31 13:00:00;ATMO AUVERGNE-RHÔNE-ALPES;FR84ZAG03;ZAG SAINT-ETIENNE;FR29426;SAINT-CHAMOND;Urbaine;PM2.5;Fond;Oui;mesures fixes;moyenne horaire validée;7.6;7.6;µg-m3;;;;A;1;45.475327;4.515003
2025-12-31 12:00:00;2025-12-31 13:00:00;ATMO AUVERGNE-RHÔNE-ALPES;FR84ZAG03;ZAG SAINT-ETIENNE;FR29439;LA TALAUDIERE;Périurbaine;PM2.5;Fond;Oui;mesures indicatives;moyenne horaire validée;7.2;7.2;µg-m3;;;;A;1;45.481777;4.429667
2025-12-31 12:00:00;2025-12-31 13:00:00;ATMO GRAND EST;FR44ZRE01;ZR GRAND-EST;FR30019;Epinal;Urbaine;PM2.5;Fond;Oui;mesures fixes;moyenne horaire validée;8.8;8.775;µg-m3;;;;A;1;48.1726528;6.45281666
2025-12-31 12:00:00;2025-12-31 13:00:00;ATMO GRAND EST;FR44ZRE01;ZR GRAND-EST;FR30026;Luneville;Urbaine;PM2.5;Trafic;Oui;mesures fixes;moyenne horaire validée;18.9;18.9;µg-m3;;;;R;1;48.584824;6.4839
2025-12-31 12:00:00;2025-12-31 13:00:00;ATMO GRAND EST;FR44ZRE01;ZR GRAND-EST;FR30033;Jonville en Woevre;Rurale régionale;PM2.5;Fond;Oui;mesures fixes;moyenne horaire validée;11.2;11.225;µg-m3;;;;A;1;49.06583;5.785556
2025-12-31 12:00:00;2025-12-31 13:00:00;ATMO GRAND EST;FR44ZAG03;ZAG NANCY;FR30034;Nancy-Charles III;Urbaine;PM2.5;Fond;Oui;mesures fixes;moyenne horaire validée;17.5;17.525;µg-m3;;;;A;1;48.68817;6.190431
2025-12-31 12:00:00;2025-12-31 13:00:00;ATMO GRAND EST;FR44ZAG03;ZAG NANCY;FR30036;Nancy-Libération;Urbaine;PM2.5;Trafic;Oui;mesures fixes;moyenne horaire validée;21.3;21.275;µg-m3;;;;A;1;48.69708;6.154194
2025-12-31 12:00:00;2025-12-31 13:00:00;ATMO NOUVELLE-AQUITAINE;FR75ZAG01;ZAG BORDEAUX;FR31002;TALENCE;Urbaine;PM2.5;Fond;Oui;mesures fixes;moyenne horaire validée;7.1;7.125;µg-m3;;;;A;1;44.800462;-0.589398
2025-12-31 12:00:00;2025-12-31 13:00:00;ATMO NOUVELLE-AQUITAINE;FR75ZAG01;ZAG BORDEAUX;FR31007;BASSENS;Urbaine;PM2.5;Fond;Oui;mesures fixes;moyenne horaire validée;10.3;10.25;µg-m3;;;;A;1;44.900296;-0.515835
2025-12-31 12:00:00;2025-12-31 13:00:00;ATMO NOUVELLE-AQUITAINE;FR75ZRE02;ZR NOUVELLE-AQUITAINE;FR31013;BILLERE;Urbaine;PM2.5;Fond;Oui;mesures fixes;moyenne horaire validée;10.9;10.875;µg-m3;;;;A;1;43.310797;-0.391543
2025-12-31 12:00:00;2025-12-31 13:00:00;ATMO NOUVELLE-AQUITAINE;FR75ZAG02;ZAG BAYONNE;FR31017;ANGLET;Urbaine;PM2.5;Trafic;Oui;mesures fixes;moyenne horaire validée;11.3;11.325;µg-m3;;;;A;1;43.494041;-1.528753
2025-12-31 12:00:00;2025-12-31 13:00:00;ATMO NOUVELLE-AQUITAINE;FR75ZRE02;ZR NOUVELLE-AQUITAINE;FR31033;PERIGUEUX;Urbaine;PM2.5;Fond;Oui;mesures fixes;moyenne horaire validée;8.7;8.675;µg-m3;;;;A;1;45.189825;0.727184
2025-12-31 12:00:00;2025-12-31 13:00:00;ATMO NOUVELLE-AQUITAINE;FR75ZRE02;ZR NOUVELLE-AQUITAINE;FR31040;MARMANDE;Périurbaine;PM2.5;Trafic;Oui;mesures fixes;moyenne horaire validée;14.8;14.825;µg-m3;;;;A;1;44.508782;0.142695
2025-12-31 12:00:00;2025-12-31 13:00:00;ATMO NOUVELLE-AQUITAINE;FR75ZAG02;ZAG BAYONNE;FR31043;Biarritz-hippodrome;Périurbaine;PM2.5;Fond;Oui;mesures fixes;moyenne horaire validée;8.5;8.475;µg-m3;;;;A;1;43.470237;-1.553876
2025-12-31 12:00:00;2025-12-31 13:00:00;ATMO NOUVELLE-AQUITAINE;FR75ZAG01;ZAG BORDEAUX;FR31045;Bordeaux_GAUTIER;Urbaine;PM2.5;Trafic;Oui;mesures fixes;moyenne horaire validée;12.6;12.6;µg-m3;;;;R;1;44.833825;-0.598525
2025-12-31 12:00:00;2025-12-31 13:00:00;ATMO NOUVELLE-AQUITAINE;FR75ZRE02;ZR NOUVELLE-AQUITAINE;FR31055;MONT-DE-MARSAN - MIDOUZE;Urbaine;PM2.5;Fond;Oui;mesures fixes;moyenne horaire validée;13.1;13.125;µg-m3;;;;A;1;43.888972;-0.507028
2025-12-31 12:00:00;2025-12-31 13:00:00;ATMO BOURGOGNE-FRANCHE-COMTE;FR27ZAR04;ZAR CHALON;FR32001;Chalon Centre Ville;Urbaine;PM2.5;Trafic;Oui;mesures fixes;moyenne horaire validée;6.8;6.775;µg-m3;;;;A;1;46.782311;4.847322
2025-12-31 12:00:00;2025-12-31 13:00:00;ATMO BOURGOGNE-FRANCHE-COMTE;FR27ZAR04;ZAR CHALON;FR32002;Champforgueil;Périurbaine;PM2.5;Fond;Oui;mesures fixes;moyenne horaire validée;4.8;4.8;µg-m3;;;;A;1;46.821056;4.835083
2025-12-31 12:00:00;2025-12-31 13:00:00;ATMO BOURGOGNE-FRANCHE-COMTE;FR27ZRE01;ZR BOURGOGNE-FRANCHE-COMTE;FR32005;Montceau-les-Mines 9me écluse;Urbaine;PM2.5;Fond;Oui;mesures fixes;moyenne horaire validée;7.5;7.475;µg-m3;;;;A;1;46.678785;4.366893
2025-12-31 12:00:00;2025-12-31 13:00:00;ATMO BOURGOGNE-FRANCHE-COMTE;FR27ZRE01;ZR BOURGOGNE-FRANCHE-COMTE;FR32006;Macon Paul Bert;Périurbaine;PM2.5;Fond;Oui;mesures fixes;moyenne horaire validée;8.6;8.6;µg-m3;;;;A;1;46.316172;4.839994
2025-12-31 12:00:00;2025-12-31 13:00:00;ATMO AUVERGNE-RHÔNE-ALPES;FR84ZAR01;ZAR PAYS-DE-SAVOIE;FR33101;PASTEUR;Urbaine;PM2.5;Fond;Oui;mesures fixes;moyenne horaire validée;11.4;11.4;µg-m3;;;;A;1;45.56472;5.928333
2025-12-31 12:00:00;2025-12-31 13:00:00;ATMO AUVERGNE-RHÔNE-ALPES;FR84ZAR04;ZAR VALLEE-DE-LA-TARANTAISE;FR33121;Albertville;Urbaine;PM2.5;Fond;Oui;mesures fixes;moyenne horaire validée;25.3;25.325;µg-m3;;;;A;1;45.675;6.389722
2025-12-31 12:00:00;2025-12-31 13:00:00;ATMO AUVERGNE-RHÔNE-ALPES;FR84ZAR01;ZAR PAYS-DE-SAVOIE;FR33201;LOVERCHY;Urbaine;PM2.5;Fond;Oui;mesures fixes;moyenne horaire validée;9.2;9.2;µg-m3;;;;A;1;45.89528;6.118333
2025-12-31 12:00:00;2025-12-31 13:00:00;ATMO AUVERGNE-RHÔNE-ALPES;FR84ZAR01;ZAR PAYS-DE-SAVOIE;FR33211;ANNEMASSE;Urbaine;PM2.5;Fond;Oui;mesures indicatives;moyenne horaire validée;11.9;11.9;µg-m3;;;;A;1;46.19583;6.240556
2025-12-31 12:00:00;2025-12-31 13:00:00;ATMO AUVERGNE-RHÔNE-ALPES;FR84ZAR01;ZAR PAYS-DE-SAVOIE;FR33212;GAILLARD;Urbaine;PM2.5;Fond;Oui;mesures fixes;moyenne horaire validée;11.4;11.35;µg-m3;;;;A;1;46.193641;6.214534
2025-12-31 12:00:00;2025-12-31 13:00:00;ATMO AUVERGNE-RHÔNE-ALPES;FR84ZAR03;ZAR VALLEE-DE-L-ARVE;FR33220;PASSY;Périurbaine;PM2.5;Fond;Oui;mesures fixes;moyenne horaire validée;23.7;23.7;µg-m3;;;;A;1;45.92361;6.713611
2025-12-31 12:00:00;2025-12-31 13:00:00;ATMO AUVERGNE-RHÔNE-ALPES;FR84ZRE02;ZR AUVERGNE-RHONE-ALPES;FR33302;St Germain/Rhône;Rurale près des villes;PM2.5;Fond;Oui;mesures indicatives;moyenne horaire validée;6.4;6.4;µg-m3;;;;A;1;46.072224;5.820833
2025-12-31 12:00:00;2025-12-31 13:00:00;ATMO AUVERGNE-RHÔNE-ALPES;FR84ZRE02;ZR AUVERGNE-RHONE-ALPES;FR33305;Bourg-en-Bresse;Urbaine;PM2.5;Fond;Oui;mesures fixes;moyenne horaire validée;11.9;11.925;µg-m3;;;;A;1;46.211666;5.226389
2025-12-31 12:00:00;2025-12-31 13:00:00;LIG'AIR;FR24ZAG01;ZAG TOURS;FR34024;Joué lès Tours;Urbaine;PM2.5;Fond;Oui;mesures fixes;moyenne horaire validée;10.9;10.875;µg-m3;;;;A;1;47.344139;0.653778
2025-12-31 12:00:00;2025-12-31 13:00:00;LIG'AIR;FR24ZAG01;ZAG TOURS;FR34025;La Bruyère;Urbaine;PM2.5;Fond;Oui;mesures fixes;moyenne horaire validée;9.7;9.7;µg-m3;;;;A;1;47.419083;0.682944
2025-12-31 12:00:00;2025-12-31 13:00:00;LIG'AIR;FR24ZAG01;ZAG TOURS;FR34028;Pompidou;Urbaine;PM2.5;Trafic;Oui;mesures fixes;moyenne horaire validée;9.4;9.375;µg-m3;;;;A;1;47.394639;0.704861
2025-12-31 12:00:00;2025-12-31 13:00:00;LIG'AIR;FR24ZAG02;ZAG ORLEANS;FR34029;La_Source-CNRS;Urbaine;PM2.5;Fond;Oui;mesures fixes;moyenne horaire validée;9.2;9.225;µg-m3;;;;A;1;47.83775;1.944667
2025-12-31 12:00:00;2025-12-31 13:00:00;LIG'AIR;FR24ZRE02;ZR CENTRE-VAL-DE-LOIRE;FR34032;Leblanc;Urbaine;PM2.5;Fond;Oui;mesures fixes;moyenne horaire validée;5.7;5.7;µg-m3;;;;A;1;47.082778;2.405333
2025-12-31 12:00:00;2025-12-31 13:00:00;LIG'AIR;FR24ZRE02;ZR CENTRE-VAL-DE-LOIRE;FR34038;Verneuil;Rurale nationale;PM2.5;Fond;Oui;mesures fixes;moyenne horaire validée;6.1;6.1;µg-m3;;;;A;1;46.814694;2.610069
2025-12-31 12:00:00;2025-12-31 13:00:00;LIG'AIR;FR24ZRE02;ZR CENTRE-VAL-DE-LOIRE;FR34041;Fulbert;Urbaine;PM2.5;Fond;Oui;mesures fixes;moyenne horaire validée;15.1;15.1;µg-m3;;;;A;1;48.444417;1.510139
2025-12-31 12:00:00;2025-12-31 13:00:00;LIG'AIR;FR24ZRE02;ZR CENTRE-VAL-DE-LOIRE;FR34046;Dreux Centre;Urbaine;PM2.5;Fond;Oui;mesures fixes;moyenne horaire validée;14.1;14.125;µg-m3;;;;A;1;48.729694;1.358472
2025-12-31 12:00:00;2025-12-31 13:00:00;LIG'AIR;FR24ZRE02;ZR CENTRE-VAL-DE-LOIRE;FR34048;Chartres_trafic;Urbaine;PM2.5;Trafic;Oui;mesures fixes;moyenne horaire validée;7.9;7.9;µg-m3;;;;A;1;48.449158;1.492469
2025-12-31 12:00:00;2025-12-31 13:00:00;LIG'AIR;FR24ZRE02;ZR CENTRE-VAL-DE-LOIRE;FR34051;Chateauroux Sud;Urbaine;PM2.5;Fond;Oui;mesures fixes;moyenne horaire validée;5.2;5.2;µg-m3;;;;A;1;46.798278;1.693139
2025-12-31 12:00:00;2025-12-31 13:00:00;LIG'AIR;FR24ZAR02;ZAR BLOIS;FR34061;Blois nord;Urbaine;PM2.5;Fond;Oui;mesures fixes;moyenne horaire validée;13.6;13.625;µg-m3;;;;A;1;47.594256;1.302667
2025-12-31 12:00:00;2025-12-31 13:00:00;LIG'AIR;FR24ZAR02;ZAR BLOIS;FR34063;Blois_trafic;Urbaine;PM2.5;Trafic;Oui;mesures fixes;moyenne horaire validée;7.2;7.225;µg-m3;;;;A;1;47.586544;1.326533
2025-12-31 12:00:00;2025-12-31 13:00:00;LIG'AIR;FR24ZRE02;ZR CENTRE-VAL-DE-LOIRE;FR34064;Montargis_trafic;Urbaine;PM2.5;Trafic;Oui;mesures fixes;moyenne horaire validée;7.9;7.9;µg-m3;;;;A;1;48.006936;2.740111
2025-12-31 12:00:00;2025-12-31 13:00:00;LIG'AIR;FR24ZRE02;ZR CENTRE-VAL-DE-LOIRE;FR34066;Montargis Les Cites;Urbaine;PM2.5;Fond;Oui;mesures fixes;moyenne horaire validée;9;9;µg-m3;;;;A;1;48.00145;2.72618
2025-12-31 12:00:00;2025-12-31 13:00:00;LIG'AIR;FR24ZAG02;ZAG ORLEANS;FR34067;St Jean de la Ruelle;Urbaine;PM2.5;Fond;Oui;mesures fixes;moyenne horaire validée;10.5;10.475;µg-m3;;;;A;1;47.910303;1.873431
2025-12-31 12:00:00;2025-12-31 13:00:00;ATMO NOUVELLE-AQUITAINE;FR75ZAR01;ZAR LIMOGES;FR35007;PALAIS S/ V.- Garros;Périurbaine;PM2.5;Fond;Oui;mesures fixes;moyenne horaire validée;8.9;8.9;µg-m3;;;;A;1;45.873311;1.307916
2025-12-31 12:00:00;2025-12-31 13:00:00;ATMO NOUVELLE-AQUITAINE;FR75ZAR01;ZAR LIMOGES;FR35027;LIMOGES - BERLAND;Urbaine;PM2.5;Fond;Oui;mesures fixes;moyenne horaire validée;3.4;3.425;µg-m3;;;;A;1;45.842204;1.259689
2025-12-31 12:00:00;2025-12-31 13:00:00;ATMO AUVERGNE-RHÔNE-ALPES;FR84ZAR02;ZAR VALLEE-DU-RHONE;FR36002;Valence Urb. Centre;Urbaine;PM2.5;Fond;Oui;mesures fixes;moyenne horaire validée;9;9.025;µg-m3;;;;A;1;44.933514;4.893481
2025-12-31 12:00:00;2025-12-31 13:00:00;ATMO AUVERGNE-RHÔNE-ALPES;FR84ZAR02;ZAR VALLEE-DU-RHONE;FR36019;Romans-sur-Isère;Urbaine;PM2.5;Fond;Oui;mesures fixes;moyenne horaire validée;13.1;13.05;µg-m3;;;;A;1;45.0425;5.0443
2025-12-31 12:00:00;2025-12-31 13:00:00;ATMO AUVERGNE-RHÔNE-ALPES;FR84ZRE02;ZR AUVERGNE-RHONE-ALPES;FR36021;Drôme Rurale Sud-SND;Rurale nationale;PM2.5;Fond;Oui;mesures fixes;moyenne horaire validée;13.6;13.6;µg-m3;;;;A;1;44.569443;5.278972
2025-12-31 12:00:00;2025-12-31 13:00:00;GWAD'AIR;FR01ZAG01;ZAG POINTE-A-PITRE;FR37006;PTP-VICTOIRE;Urbaine;PM2.5;Fond;Oui;mesures fixes;moyenne horaire validée;1.9;1.875;µg/m3;;;;A;1;16.23674;-61.534101
2025-12-31 12:00:00;2025-12-31 13:00:00;GWAD'AIR;FR01ZRE01;ZR GUADELOUPE;FR37010;BT_PICHON;Urbaine;PM2.5;Fond;Oui;estimation objective;moyenne horaire validée;2.2;2.225;µg/m3;;;;A;1;15.994349;-61.727203
2025-12-31 12:00:00;2025-12-31 13:00:00;GWAD'AIR;FR01ZRE01;ZR GUADELOUPE;FR37038;SXM Marigot;Urbaine;PM2.5;Fond;Oui;estimation objective;moyenne horaire validée;1.7;1.675;µg/m3;;;;A;1;18.070114;-63.081481
2025-12-31 12:00:00;2025-12-31 13:00:00;ATMO REUNION;FR04ZAR01;ZAR SAINT-DENIS;FR38001;LYC. LISLET GEOFFROY;Urbaine;PM2.5;Fond;Oui;mesures fixes;moyenne horaire validée;5.6;5.6;µg-m3;;;;A;1;-20.889893;55.46884
2025-12-31 12:00:00;2025-12-31 13:00:00;ATMO REUNION;FR04ZAR02;ZAR VOLCAN;FR38011;Station Luther King;Urbaine;PM2.5;Fond;Oui;mesures fixes;moyenne horaire validée;;;µg-m3;;;;N;-1;-21.334406;55.45906
2025-12-31 12:00:00;2025-12-31 13:00:00;ATMO REUNION;FR04ZAR02;ZAR VOLCAN;FR38017;Grand Coude;Rurale régionale;PM2.5;Fond;Oui;mesures fixes;moyenne horaire validée;;;µg-m3;;;;N;-1;-21.29433;55.62793
2025-12-31 12:00:00;2025-12-31 13:00:00;ATMO REUNION;FR04ZAR01;ZAR SAINT-DENIS;FR38020;Plateau Caillou;Urbaine;PM2.5;Fond;Oui;mesures fixes;moyenne horaire validée;;;µg-m3;;;;N;-1;-21.022112;55.266773
2025-12-31 12:00:00;2025-12-31 13:00:00;ATMO REUNION;FR04ZAR01;ZAR SAINT-DENIS;FR38022;Chaussée Royale;Urbaine;PM2.5;Trafic;Oui;mesures fixes;moyenne horaire validée;1.3;1.3;µg-m3;;;;A;1;-20.998577;55.28062
2025-12-31 12:00:00;2025-12-31 13:00:00;ATMO REUNION;FR04ZAR02;ZAR VOLCAN;FR38023;BD BANKS;Urbaine;PM2.5;Trafic;Oui;mesures fixes;moyenne horaire validée;;;µg-m3;;;;N;-1;-21.331703;55.478949
2025-12-31 12:00:00;2025-12-31 13:00:00;ATMO REUNION;FR04ZRE01;ZR LA REUNION;FR38024;RDT SAINT-LEU;Rurale près des villes;PM2.5;Trafic;Oui;mesures fixes;moyenne horaire validée;;;µg-m3;;;;N;-1;-21.213212;55.302844
2025-12-31 12:00:00;2025-12-31 13:00:00;MADININAIR;FR02ZAR01;ZAR FORT-DE-FRANCE;FR39008;Ville de Schoelcher;Urbaine;PM2.5;Fond;Oui;mesures fixes;moyenne horaire validée;2;2;µg-m3;;;;A;1;14.616389;-61.100792
2025-12-31 12:00:00;2025-12-31 13:00:00;MADININAIR;FR02ZAR01;ZAR FORT-DE-FRANCE;FR39009;Lamentin;Urbaine;PM2.5;Fond;Oui;mesures fixes;moyenne horaire validée;2.7;2.7;µg-m3;;;;A;1;14.610653;-61.002586
2025-12-31 12:00:00;2025-12-31 13:00:00;MADININAIR;FR02ZRE01;ZR MARTINIQUE;FR39014;Sainte_Luce;Périurbaine;PM2.5;Fond;Oui;mesures fixes;moyenne horaire validée;2.3;2.25;µg-m3;;;;A;1;14.468869;-60.927417
2025-12-31 12:00:00;2025-12-31 13:00:00;MADININAIR;FR02ZAR01;ZAR FORT-DE-FRANCE;FR39015;Fort-de-France - Hôtel de ville;Urbaine;PM2.5;Fond;Oui;mesures fixes;moyenne horaire validée;2.2;2.2;µg-m3;;;;A;1;14.607444;-61.069778
2025-12-31 12:00:00;2025-12-31 13:00:00;MADININAIR;FR02ZAR01;ZAR FORT-DE-FRANCE;FR39016;Robert Bourg;Urbaine;PM2.5;Fond;Oui;mesures fixes;moyenne horaire validée;2;1.975;µg-m3;;;;A;1;14.678025;-60.939056
2025-12-31 12:00:00;2025-12-31 13:00:00;ATMO GUYANE;FR03ZRE01;ZR GUYANE;FR40006;Kourou Gaston Monnerville Brady;Urbaine;PM2.5;Fond;Oui;mesures indicatives;moyenne horaire validée;5.8;5.8;µg-m3;;;;A;1;5.164248;-52.64649
2025-12-31 12:00:00;2025-12-31 13:00:00;ATMO GUYANE;FR03ZAR01;ZAR ILE-DE-CAYENNE;FR40008;Caiena3;Urbaine;PM2.5;Fond;Oui;mesures indicatives;moyenne horaire validée;5.6;5.575;µg-m3;;;;A;1;4.9378467;-52.32093
2025-12-31 12:00:00;2025-12-31 13:00:00;ATMO GUYANE;FR03ZAR01;ZAR ILE-DE-CAYENNE;FR40009;Cayenne-Bouchon;Urbaine;PM2.5;Trafic;Oui;mesures fixes;moyenne horaire validée;;;µg/m3;;;;N;-1;4.920833;-52.321944
2025-12-31 12:00:00;2025-12-31 13:00:00;QUALITAIR CORSE;FR94ZAR01;ZAR AJACCIO;FR41001;AJACCIO CANETTO;Urbaine;PM2.5;Fond;Oui;mesures fixes;moyenne horaire validée;5.3;5.25;µg-m3;;;;A;1;41.924694;8.735694
2025-12-31 12:00:00;2025-12-31 13:00:00;QUALITAIR CORSE;FR94ZAR02;ZAR BASTIA;FR41002;BASTIA GIRAUD;Urbaine;PM2.5;Fond;Oui;mesures fixes;moyenne horaire validée;2.6;2.625;µg-m3;;;;R;1;42.697917;9.446417
2025-12-31 12:00:00;2025-12-31 13:00:00;QUALITAIR CORSE;FR94ZAR02;ZAR BASTIA;FR41017;BASTIA MONTESORO;Périurbaine;PM2.5;Fond;Oui;mesures fixes;moyenne horaire validée;2.8;2.75;µg-m3;;;;A;1;42.671333;9.434639
2025-12-31 12:00:00;2025-12-31 13:00:00;QUALITAIR CORSE;FR94ZRE01;ZR CORSE;FR41024;VENACO;Rurale régionale;PM2.5;Fond;Oui;mesures fixes;moyenne horaire validée;0.7;0.7;µg-m3;;;;A;1;42.236028;9.190028
2025-12-31 12:00:00;2025-12-31 13:00:00;ATMO GRAND EST;FR44ZAG01;ZAG STRASBOURG;FR42010;Strasbourg Neudorf Ecoquartier Danube;Urbaine;PM2.5;Fond;Oui;mesures fixes;moyenne horaire validée;14.5;14.475;µg-m3;;;;A;1;48.572808;7.767833
2025-12-31 12:00:00;2025-12-31 13:00:00;ATMO GRAND EST;FR44ZRE01;ZR GRAND-EST;FR42011;Haguenau-Place marché aux bestiaux;Urbaine;PM2.5;Fond;Oui;mesures fixes;moyenne horaire validée;9.1;9.125;µg/m3;;;;A;1;48.818352;7.786409
2025-12-31 12:00:00;2025-12-31 13:00:00;HAWA MAYOTTE;FR06ZRE01;ZR MAYOTTE;FR43002;Convalescence;Urbaine;PM2.5;Fond;Oui;mesures fixes;moyenne horaire validée;6.4;6.35;µg-m3;;;;A;1;-12.778186;45.220235
2025-12-31 12:00:00;2025-12-31 13:00:00;ATMO OCCITANIE;FR76ZRE01;ZR OCCITANIE;FR50060;Montauban - Ramierou;Urbaine;PM2.5;Fond;Oui;mesures fixes;moyenne horaire validée;14.1;14.1;µg/m3;;;;A;1;44.01285657;1.37530522
2025-12-31 12:00:00;2025-12-31 13:00:00;ATMO OCCITANIE;FR76ZAR01;ZAR PERPIGNAN;FR50224;Perpignan bd Pyrénées;Urbaine;PM2.5;Trafic;Oui;mesures fixes;moyenne horaire validée;5.3;5.3;µg/m3;;;;A;1;42.69587;2.888483
2025-12-31 12:00:00;2025-12-31 13:00:00;ATMO OCCITANIE;FR76ZAG02;ZAG MONTPELLIER;FR50225;Montpellier Liberté;Urbaine;PM2.5;Trafic;Oui;mesures fixes;moyenne horaire validée;9.1;9.125;µg/m3;;;;A;1;43.611606;3.827868
2025-12-31 12:00:00;2025-12-31 13:00:00;ATMO BOURGOGNE-FRANCHE-COMTE;FR27ZAR03;ZAR BESANCON;FR82006;Besançon Prévoyance;Urbaine;PM2.5;Fond;Oui;mesures fixes;moyenne horaire validée;5.6;5.6;µg-m3;;;;A;1;47.2474;6.015419
2025-12-31 12:00:00;2025-12-31 13:00:00;ATMO BOURGOGNE-FRANCHE-COMTE;FR27ZAR01;ZAR BELFORT-MONTBELIARD;FR82010;Montbéliard centre;Urbaine;PM2.5;Fond;Oui;mesures fixes;moyenne horaire validée;4.8;4.825;µg-m3;;;;A;1;47.510307;6.794
2025-12-31 12:00:00;2025-12-31 13:00:00;ATMO BOURGOGNE-FRANCHE-COMTE;FR27ZAR01;ZAR BELFORT-MONTBELIARD;FR82021;Belfort centre;Urbaine;PM2.5;Fond;Oui;mesures fixes;moyenne horaire validée;7.9;7.9;µg-m3;;;;A;1;47.630755;6.858944
2025-12-31 12:00:00;2025-12-31 13:00:00;ATMO BOURGOGNE-FRANCHE-COMTE;FR27ZRE01;ZR BOURGOGNE-FRANCHE-COMTE;FR82030;Montandon Baresans;Rurale nationale;PM2.5;Fond;Oui;mesures fixes;moyenne horaire validée;2.1;2.1;µg-m3;;;;A;1;47.29464;6.825861
2025-12-31 12:00:00;2025-12-31 13:00:00;ATMO BOURGOGNE-FRANCHE-COMTE;FR27ZRE01;ZR BOURGOGNE-FRANCHE-COMTE;FR82040;Dole centre;Urbaine;PM2.5;Fond;Oui;mesures fixes;moyenne horaire validée;;;µg-m3;;;;N;-1;47.09672;5.496389
2025-12-31 12:00:00;2025-12-31 13:00:00;ATMO BOURGOGNE-FRANCHE-COMTE;FR27ZRE01;ZR BOURGOGNE-FRANCHE-COMTE;FR82060;Vesoul Pres Caillet;Urbaine;PM2.5;Fond;Oui;mesures fixes;moyenne horaire validée;7.4;7.4;µg-m3;;;;A;1;47.620022;6.157642
2025-12-31 12:00:00;2025-12-31 13:00:00;ATMO BOURGOGNE-FRANCHE-COMTE;FR27ZRE01;ZR BOURGOGNE-FRANCHE-COMTE;FR82070;Baume-les-Dames;Urbaine;PM2.5;Trafic;Oui;mesures fixes;moyenne horaire validée;5.7;5.7;µg-m3;;;;A;1;47.351288;6.359722
